<?xml version="1.0" encoding="UTF-8"?>
<GenRun Id="synth_1" LaunchPart="xc7z010clg400-1" LaunchTime="1535406525">
  <File Type="PA-TCL" Name="piccolo_80_speed_v6_0.tcl"/>
  <File Type="RDS-PROPCONSTRS" Name="piccolo_80_speed_v6_0_drc_synth.rpt"/>
  <File Type="REPORTS-TCL" Name="piccolo_80_speed_v6_0_reports.tcl"/>
  <File Type="RDS-RDS" Name="piccolo_80_speed_v6_0.vds"/>
  <File Type="RDS-UTIL" Name="piccolo_80_speed_v6_0_utilization_synth.rpt"/>
  <File Type="RDS-UTIL-PB" Name="piccolo_80_speed_v6_0_utilization_synth.pb"/>
  <File Type="RDS-DCP" Name="piccolo_80_speed_v6_0.dcp"/>
  <File Type="VDS-TIMINGSUMMARY" Name="piccolo_80_speed_v6_0_timing_summary_synth.rpt"/>
  <File Type="VDS-TIMING-PB" Name="piccolo_80_speed_v6_0_timing_summary_synth.pb"/>
  <FileSet Name="sources" Type="DesignSrcs" RelSrcDir="$PSRCDIR/sources_1">
    <Filter Type="Srcs"/>
    <File Path="$PPRDIR/piccolo_80_speed_6.0/hdl/piccolo_80_speed_v6_0_S00_AXI.vhd">
      <FileInfo>
        <Attr Name="UsedIn" Val="synthesis"/>
        <Attr Name="UsedIn" Val="simulation"/>
      </FileInfo>
    </File>
    <File Path="$PPRDIR/piccolo_80_speed_6.0/hdl/piccolo_80_speed_v6_0.vhd">
      <FileInfo>
        <Attr Name="UsedIn" Val="synthesis"/>
        <Attr Name="UsedIn" Val="simulation"/>
      </FileInfo>
    </File>
    <File Path="$PPRDIR/piccolo_80_speed_6.0/component.xml">
      <FileInfo SFType="IPXACT"/>
    </File>
    <File Path="$PSRCDIR/sources_1/imports/Piccolo_80_VHDL_source/m_box.vhd">
      <FileInfo>
        <Attr Name="ImportPath" Val="$PPRDIR/../../git/Piccolo/Piccolo_80_VHDL_source/m_box.vhd"/>
        <Attr Name="ImportTime" Val="1535380631"/>
        <Attr Name="UsedIn" Val="synthesis"/>
        <Attr Name="UsedIn" Val="simulation"/>
      </FileInfo>
    </File>
    <File Path="$PSRCDIR/sources_1/imports/Piccolo_80_VHDL_source/piccolo_80_speed_axi_top.vhd">
      <FileInfo>
        <Attr Name="ImportPath" Val="$PPRDIR/../../git/Piccolo/Piccolo_80_VHDL_source/piccolo_80_speed_axi_top.vhd"/>
        <Attr Name="ImportTime" Val="1535385669"/>
        <Attr Name="UsedIn" Val="synthesis"/>
        <Attr Name="UsedIn" Val="simulation"/>
      </FileInfo>
    </File>
    <File Path="$PSRCDIR/sources_1/imports/Piccolo_80_VHDL_source/Round_permutation.vhd">
      <FileInfo>
        <Attr Name="ImportPath" Val="$PPRDIR/../../git/Piccolo/Piccolo_80_VHDL_source/Round_permutation.vhd"/>
        <Attr Name="ImportTime" Val="1535385779"/>
        <Attr Name="UsedIn" Val="synthesis"/>
        <Attr Name="UsedIn" Val="simulation"/>
      </FileInfo>
    </File>
    <File Path="$PSRCDIR/sources_1/imports/Piccolo_80_VHDL_source/key_scheduling_linear.vhd">
      <FileInfo>
        <Attr Name="ImportPath" Val="$PPRDIR/../../git/Piccolo/Piccolo_80_VHDL_source/key_scheduling_linear.vhd"/>
        <Attr Name="ImportTime" Val="1535382737"/>
        <Attr Name="UsedIn" Val="synthesis"/>
        <Attr Name="UsedIn" Val="simulation"/>
      </FileInfo>
    </File>
    <File Path="$PSRCDIR/sources_1/imports/Piccolo_80_VHDL_source/f_box.vhd">
      <FileInfo>
        <Attr Name="ImportPath" Val="$PPRDIR/../../git/Piccolo/Piccolo_80_VHDL_source/f_box.vhd"/>
        <Attr Name="ImportTime" Val="1535383063"/>
        <Attr Name="UsedIn" Val="synthesis"/>
        <Attr Name="UsedIn" Val="simulation"/>
      </FileInfo>
    </File>
    <File Path="$PSRCDIR/sources_1/imports/Piccolo_80_VHDL_source/s_box.vhd">
      <FileInfo>
        <Attr Name="ImportPath" Val="$PPRDIR/../../git/Piccolo/Piccolo_80_VHDL_source/s_box.vhd"/>
        <Attr Name="ImportTime" Val="1535386008"/>
        <Attr Name="UsedIn" Val="synthesis"/>
        <Attr Name="UsedIn" Val="simulation"/>
      </FileInfo>
    </File>
    <File Path="$PSRCDIR/sources_1/imports/Piccolo_80_VHDL_source/piccol_80_speed.vhd">
      <FileInfo>
        <Attr Name="ImportPath" Val="$PPRDIR/../../git/Piccolo/Piccolo_80_VHDL_source/piccol_80_speed.vhd"/>
        <Attr Name="ImportTime" Val="1535383568"/>
        <Attr Name="UsedIn" Val="synthesis"/>
        <Attr Name="UsedIn" Val="simulation"/>
      </FileInfo>
    </File>
    <Config>
      <Option Name="DesignMode" Val="RTL"/>
      <Option Name="TopModule" Val="piccolo_80_speed_v6_0"/>
      <Option Name="TopRTLFile" Val="$PPRDIR/piccolo_80_speed_6.0/hdl/piccolo_80_speed_v6_0.vhd"/>
    </Config>
  </FileSet>
  <FileSet Name="constrs_in" Type="Constrs" RelSrcDir="$PSRCDIR/constrs_1">
    <Filter Type="Constrs"/>
    <Config>
      <Option Name="ConstrsType" Val="XDC"/>
    </Config>
  </FileSet>
  <Strategy Version="1" Minor="2">
    <StratHandle Name="Vivado Synthesis Defaults" Flow="Vivado Synthesis 2018"/>
    <Step Id="synth_design"/>
  </Strategy>
</GenRun>
