<?xml version="1.0" encoding="UTF-8"?>
<GenRun Id="impl_1" LaunchPart="xc7z010clg400-1" LaunchTime="1535406525">
  <File Type="BITSTR-BMM" Name="piccolo_80_speed_v6_0_bd.bmm"/>
  <File Type="OPT-METHODOLOGY-DRC" Name="piccolo_80_speed_v6_0_methodology_drc_opted.rpt"/>
  <File Type="INIT-TIMING" Name="piccolo_80_speed_v6_0_timing_summary_init.rpt"/>
  <File Type="ROUTE-PWR" Name="piccolo_80_speed_v6_0_power_routed.rpt"/>
  <File Type="PA-TCL" Name="piccolo_80_speed_v6_0.tcl"/>
  <File Type="OPT-TIMING" Name="piccolo_80_speed_v6_0_timing_summary_opted.rpt"/>
  <File Type="OPT-DCP" Name="piccolo_80_speed_v6_0_opt.dcp"/>
  <File Type="ROUTE-PWR-SUM" Name="piccolo_80_speed_v6_0_power_summary_routed.pb"/>
  <File Type="REPORTS-TCL" Name="piccolo_80_speed_v6_0_reports.tcl"/>
  <File Type="OPT-DRC" Name="piccolo_80_speed_v6_0_drc_opted.rpt"/>
  <File Type="OPT-HWDEF" Name="piccolo_80_speed_v6_0.hwdef"/>
  <File Type="PWROPT-DCP" Name="piccolo_80_speed_v6_0_pwropt.dcp"/>
  <File Type="PWROPT-DRC" Name="piccolo_80_speed_v6_0_drc_pwropted.rpt"/>
  <File Type="PWROPT-TIMING" Name="piccolo_80_speed_v6_0_timing_summary_pwropted.rpt"/>
  <File Type="PLACE-DCP" Name="piccolo_80_speed_v6_0_placed.dcp"/>
  <File Type="PLACE-IO" Name="piccolo_80_speed_v6_0_io_placed.rpt"/>
  <File Type="PLACE-CLK" Name="piccolo_80_speed_v6_0_clock_utilization_placed.rpt"/>
  <File Type="PLACE-UTIL" Name="piccolo_80_speed_v6_0_utilization_placed.rpt"/>
  <File Type="PLACE-UTIL-PB" Name="piccolo_80_speed_v6_0_utilization_placed.pb"/>
  <File Type="PLACE-CTRL" Name="piccolo_80_speed_v6_0_control_sets_placed.rpt"/>
  <File Type="PLACE-SIMILARITY" Name="piccolo_80_speed_v6_0_incremental_reuse_placed.rpt"/>
  <File Type="PLACE-PRE-SIMILARITY" Name="piccolo_80_speed_v6_0_incremental_reuse_pre_placed.rpt"/>
  <File Type="BG-BGN" Name="piccolo_80_speed_v6_0.bgn"/>
  <File Type="PLACE-TIMING" Name="piccolo_80_speed_v6_0_timing_summary_placed.rpt"/>
  <File Type="POSTPLACE-PWROPT-DCP" Name="piccolo_80_speed_v6_0_postplace_pwropt.dcp"/>
  <File Type="BG-BIN" Name="piccolo_80_speed_v6_0.bin"/>
  <File Type="POSTPLACE-PWROPT-TIMING" Name="piccolo_80_speed_v6_0_timing_summary_postplace_pwropted.rpt"/>
  <File Type="PHYSOPT-DCP" Name="piccolo_80_speed_v6_0_physopt.dcp"/>
  <File Type="PHYSOPT-DRC" Name="piccolo_80_speed_v6_0_drc_physopted.rpt"/>
  <File Type="BITSTR-MSK" Name="piccolo_80_speed_v6_0.msk"/>
  <File Type="PHYSOPT-TIMING" Name="piccolo_80_speed_v6_0_timing_summary_physopted.rpt"/>
  <File Type="ROUTE-ERROR-DCP" Name="piccolo_80_speed_v6_0_routed_error.dcp"/>
  <File Type="ROUTE-DCP" Name="piccolo_80_speed_v6_0_routed.dcp"/>
  <File Type="ROUTE-BLACKBOX-DCP" Name="piccolo_80_speed_v6_0_routed_bb.dcp"/>
  <File Type="ROUTE-DRC" Name="piccolo_80_speed_v6_0_drc_routed.rpt"/>
  <File Type="ROUTE-DRC-PB" Name="piccolo_80_speed_v6_0_drc_routed.pb"/>
  <File Type="BITSTR-LTX" Name="debug_nets.ltx"/>
  <File Type="BITSTR-LTX" Name="piccolo_80_speed_v6_0.ltx"/>
  <File Type="ROUTE-DRC-RPX" Name="piccolo_80_speed_v6_0_drc_routed.rpx"/>
  <File Type="BITSTR-MMI" Name="piccolo_80_speed_v6_0.mmi"/>
  <File Type="ROUTE-METHODOLOGY-DRC" Name="piccolo_80_speed_v6_0_methodology_drc_routed.rpt"/>
  <File Type="ROUTE-METHODOLOGY-DRC-RPX" Name="piccolo_80_speed_v6_0_methodology_drc_routed.rpx"/>
  <File Type="BITSTR-SYSDEF" Name="piccolo_80_speed_v6_0.sysdef"/>
  <File Type="ROUTE-METHODOLOGY-DRC-PB" Name="piccolo_80_speed_v6_0_methodology_drc_routed.pb"/>
  <File Type="ROUTE-PWR-RPX" Name="piccolo_80_speed_v6_0_power_routed.rpx"/>
  <File Type="ROUTE-STATUS" Name="piccolo_80_speed_v6_0_route_status.rpt"/>
  <File Type="ROUTE-STATUS-PB" Name="piccolo_80_speed_v6_0_route_status.pb"/>
  <File Type="ROUTE-TIMINGSUMMARY" Name="piccolo_80_speed_v6_0_timing_summary_routed.rpt"/>
  <File Type="ROUTE-TIMING-PB" Name="piccolo_80_speed_v6_0_timing_summary_routed.pb"/>
  <File Type="ROUTE-TIMING-RPX" Name="piccolo_80_speed_v6_0_timing_summary_routed.rpx"/>
  <File Type="ROUTE-SIMILARITY" Name="piccolo_80_speed_v6_0_incremental_reuse_routed.rpt"/>
  <File Type="ROUTE-CLK" Name="piccolo_80_speed_v6_0_clock_utilization_routed.rpt"/>
  <File Type="ROUTE-BUS-SKEW" Name="piccolo_80_speed_v6_0_bus_skew_routed.rpt"/>
  <File Type="ROUTE-BUS-SKEW-PB" Name="piccolo_80_speed_v6_0_bus_skew_routed.pb"/>
  <File Type="ROUTE-BUS-SKEW-RPX" Name="piccolo_80_speed_v6_0_bus_skew_routed.rpx"/>
  <File Type="POSTROUTE-PHYSOPT-DCP" Name="piccolo_80_speed_v6_0_postroute_physopt.dcp"/>
  <File Type="POSTROUTE-PHYSOPT-BLACKBOX-DCP" Name="piccolo_80_speed_v6_0_postroute_physopt_bb.dcp"/>
  <File Type="POSTROUTE-PHYSOPT-TIMING" Name="piccolo_80_speed_v6_0_timing_summary_postroute_physopted.rpt"/>
  <File Type="POSTROUTE-PHYSOPT-TIMING-PB" Name="piccolo_80_speed_v6_0_timing_summary_postroute_physopted.pb"/>
  <File Type="POSTROUTE-PHYSOPT-TIMING-RPX" Name="piccolo_80_speed_v6_0_timing_summary_postroute_physopted.rpx"/>
  <File Type="POSTROUTE-PHYSOPT-BUS-SKEW" Name="piccolo_80_speed_v6_0_bus_skew_postroute_physopted.rpt"/>
  <File Type="POSTROUTE-PHYSOPT-BUS-SKEW-PB" Name="piccolo_80_speed_v6_0_bus_skew_postroute_physopted.pb"/>
  <File Type="BG-BIT" Name="piccolo_80_speed_v6_0.bit"/>
  <File Type="POSTROUTE-PHYSOPT-BUS-SKEW-RPX" Name="piccolo_80_speed_v6_0_bus_skew_postroute_physopted.rpx"/>
  <File Type="BITSTR-RBT" Name="piccolo_80_speed_v6_0.rbt"/>
  <File Type="BITSTR-NKY" Name="piccolo_80_speed_v6_0.nky"/>
  <File Type="BG-DRC" Name="piccolo_80_speed_v6_0.drc"/>
  <File Type="RDI-RDI" Name="piccolo_80_speed_v6_0.vdi"/>
  <File Type="WBT-USG" Name="usage_statistics_webtalk.html"/>
  <FileSet Name="sources" Type="DesignSrcs" RelSrcDir="$PSRCDIR/sources_1">
    <Filter Type="Srcs"/>
    <File Path="$PPRDIR/piccolo_80_speed_6.0/hdl/piccolo_80_speed_v6_0_S00_AXI.vhd">
      <FileInfo>
        <Attr Name="UsedIn" Val="synthesis"/>
        <Attr Name="UsedIn" Val="simulation"/>
      </FileInfo>
    </File>
    <File Path="$PPRDIR/piccolo_80_speed_6.0/hdl/piccolo_80_speed_v6_0.vhd">
      <FileInfo>
        <Attr Name="UsedIn" Val="synthesis"/>
        <Attr Name="UsedIn" Val="simulation"/>
      </FileInfo>
    </File>
    <File Path="$PPRDIR/piccolo_80_speed_6.0/component.xml">
      <FileInfo SFType="IPXACT"/>
    </File>
    <File Path="$PSRCDIR/sources_1/imports/Piccolo_80_VHDL_source/m_box.vhd">
      <FileInfo>
        <Attr Name="ImportPath" Val="$PPRDIR/../../git/Piccolo/Piccolo_80_VHDL_source/m_box.vhd"/>
        <Attr Name="ImportTime" Val="1535380631"/>
        <Attr Name="UsedIn" Val="synthesis"/>
        <Attr Name="UsedIn" Val="simulation"/>
      </FileInfo>
    </File>
    <File Path="$PSRCDIR/sources_1/imports/Piccolo_80_VHDL_source/piccolo_80_speed_axi_top.vhd">
      <FileInfo>
        <Attr Name="ImportPath" Val="$PPRDIR/../../git/Piccolo/Piccolo_80_VHDL_source/piccolo_80_speed_axi_top.vhd"/>
        <Attr Name="ImportTime" Val="1535385669"/>
        <Attr Name="UsedIn" Val="synthesis"/>
        <Attr Name="UsedIn" Val="simulation"/>
      </FileInfo>
    </File>
    <File Path="$PSRCDIR/sources_1/imports/Piccolo_80_VHDL_source/Round_permutation.vhd">
      <FileInfo>
        <Attr Name="ImportPath" Val="$PPRDIR/../../git/Piccolo/Piccolo_80_VHDL_source/Round_permutation.vhd"/>
        <Attr Name="ImportTime" Val="1535385779"/>
        <Attr Name="UsedIn" Val="synthesis"/>
        <Attr Name="UsedIn" Val="simulation"/>
      </FileInfo>
    </File>
    <File Path="$PSRCDIR/sources_1/imports/Piccolo_80_VHDL_source/key_scheduling_linear.vhd">
      <FileInfo>
        <Attr Name="ImportPath" Val="$PPRDIR/../../git/Piccolo/Piccolo_80_VHDL_source/key_scheduling_linear.vhd"/>
        <Attr Name="ImportTime" Val="1535382737"/>
        <Attr Name="UsedIn" Val="synthesis"/>
        <Attr Name="UsedIn" Val="simulation"/>
      </FileInfo>
    </File>
    <File Path="$PSRCDIR/sources_1/imports/Piccolo_80_VHDL_source/f_box.vhd">
      <FileInfo>
        <Attr Name="ImportPath" Val="$PPRDIR/../../git/Piccolo/Piccolo_80_VHDL_source/f_box.vhd"/>
        <Attr Name="ImportTime" Val="1535383063"/>
        <Attr Name="UsedIn" Val="synthesis"/>
        <Attr Name="UsedIn" Val="simulation"/>
      </FileInfo>
    </File>
    <File Path="$PSRCDIR/sources_1/imports/Piccolo_80_VHDL_source/s_box.vhd">
      <FileInfo>
        <Attr Name="ImportPath" Val="$PPRDIR/../../git/Piccolo/Piccolo_80_VHDL_source/s_box.vhd"/>
        <Attr Name="ImportTime" Val="1535386008"/>
        <Attr Name="UsedIn" Val="synthesis"/>
        <Attr Name="UsedIn" Val="simulation"/>
      </FileInfo>
    </File>
    <File Path="$PSRCDIR/sources_1/imports/Piccolo_80_VHDL_source/piccol_80_speed.vhd">
      <FileInfo>
        <Attr Name="ImportPath" Val="$PPRDIR/../../git/Piccolo/Piccolo_80_VHDL_source/piccol_80_speed.vhd"/>
        <Attr Name="ImportTime" Val="1535383568"/>
        <Attr Name="UsedIn" Val="synthesis"/>
        <Attr Name="UsedIn" Val="simulation"/>
      </FileInfo>
    </File>
    <Config>
      <Option Name="DesignMode" Val="RTL"/>
      <Option Name="TopModule" Val="piccolo_80_speed_v6_0"/>
      <Option Name="TopRTLFile" Val="$PPRDIR/piccolo_80_speed_6.0/hdl/piccolo_80_speed_v6_0.vhd"/>
    </Config>
  </FileSet>
  <FileSet Name="constrs_in" Type="Constrs" RelSrcDir="$PSRCDIR/constrs_1">
    <Filter Type="Constrs"/>
    <Config>
      <Option Name="ConstrsType" Val="XDC"/>
    </Config>
  </FileSet>
  <Strategy Version="1" Minor="2">
    <StratHandle Name="Vivado Implementation Defaults" Flow="Vivado Implementation 2018"/>
    <Step Id="init_design"/>
    <Step Id="opt_design"/>
    <Step Id="power_opt_design"/>
    <Step Id="place_design"/>
    <Step Id="post_place_power_opt_design"/>
    <Step Id="phys_opt_design"/>
    <Step Id="route_design"/>
    <Step Id="post_route_phys_opt_design"/>
    <Step Id="write_bitstream"/>
  </Strategy>
</GenRun>
